customer_id_new, social_media_platform, engagement_score, purchase_interest_score, review_sentiment, customer_id_numeric, transaction_id, purchase_amount, purchase_date, product_category, customer_rating
A190           , Twitter              ,               82,                     4.8, Neutral         ,                 190,           1031,             333, 2024-01-31   , Groceries       ,             3.8
A190           , Twitter              ,               82,                     4.8, Neutral         ,                 190,           1140,             401, 2024-05-19   , Sports          ,             4.9
A150           , Facebook             ,               96,                     1.6, Positive        ,                 150,           1042,             389, 2024-02-11   , Sports          ,              
A150           , Facebook             ,               96,                     1.6, Positive        ,                 150,           1046,             177, 2024-02-15   , Books           ,             3.6
A162           , Twitter              ,               89,                     2.6, Positive        ,                 162,           1079,             101, 2024-03-19   , Books           ,             4.2
A162           , Twitter              ,               89,                     2.6, Positive        ,                 162,           1116,             343, 2024-04-25   , Books           ,             1.4
A151           , TikTok               ,               61,                     1.3, Neutral         ,                 151,           1001,             408, 2024-01-01   , Sports          ,             2.3
A137           , LinkedIn             ,               93,                     3.5, Neutral         ,                 137,           1020,             286, 2024-01-20   , Electronics     ,             3.2
A187           , LinkedIn             ,               97,                     4.4, Negative        ,                 187,           1011,             401, 2024-01-11   , Sports          ,             1.7
A187           , LinkedIn             ,               97,                     4.4, Negative        ,                 187,           1018,             456, 2024-01-18   , Groceries       ,             4.8
A187           , LinkedIn             ,               97,                     4.4, Negative        ,                 187,           1112,             233, 2024-04-21   , Sports          ,             3.7
A187           , LinkedIn             ,               97,                     4.4, Negative        ,                 187,           1115,             304, 2024-04-24   , Sports          ,             4.2
A187           , LinkedIn             ,               97,                     4.4, Negative        ,                 187,           1135,             469, 2024-05-14   , Books           ,             4.9
A129           , Twitter              ,               54,                     4.5, Neutral         ,                 129,           1019,             280, 2024-01-19   , Electronics     ,             4.0
A150           , LinkedIn             ,               86,                     3.6, Neutral         ,                 150,           1042,             389, 2024-02-11   , Sports          ,              
A150           , LinkedIn             ,               86,                     3.6, Neutral         ,                 150,           1046,             177, 2024-02-15   , Books           ,             3.6
A180           , Facebook             ,               57,                     3.8, Negative        ,                 180,           1069,             201, 2024-03-09   , Electronics     ,             2.3
A180           , Facebook             ,               57,                     3.8, Negative        ,                 180,           1118,             374, 2024-04-27   , Electronics     ,             1.2
A104           , Twitter              ,               91,                     4.6, Negative        ,                 104,           1123,             289, 2024-05-02   , Clothing        ,             1.5
A104           , Twitter              ,               91,                     4.6, Negative        ,                 104,           1148,             409, 2024-05-27   , Clothing        ,             1.4
A128           , Facebook             ,               98,                     3.5, Positive        ,                 128,           1105,             209, 2024-04-14   , Books           ,             4.8
A103           , Instagram            ,               77,                     2.3, Positive        ,                 103,           1052,             426, 2024-02-21   , Groceries       ,             4.8
A103           , Instagram            ,               77,                     2.3, Positive        ,                 103,           1072,             209, 2024-03-12   , Sports          ,             4.3
A103           , Instagram            ,               77,                     2.3, Positive        ,                 103,           1076,             162, 2024-03-16   , Sports          ,             3.5
A173           , TikTok               ,               63,                     4.3, Negative        ,                 173,           1084,             162, 2024-03-24   , Electronics     ,             5.0
A183           , TikTok               ,               90,                     4.1, Positive        ,                 183,           1060,             247, 2024-02-29   , Electronics     ,             4.8
A187           , Instagram            ,               71,                     2.5, Neutral         ,                 187,           1011,             401, 2024-01-11   , Sports          ,             1.7
A187           , Instagram            ,               71,                     2.5, Neutral         ,                 187,           1018,             456, 2024-01-18   , Groceries       ,             4.8
A187           , Instagram            ,               71,                     2.5, Neutral         ,                 187,           1112,             233, 2024-04-21   , Sports          ,             3.7
A187           , Instagram            ,               71,                     2.5, Neutral         ,                 187,           1115,             304, 2024-04-24   , Sports          ,             4.2
A187           , Instagram            ,               71,                     2.5, Neutral         ,                 187,           1135,             469, 2024-05-14   , Books           ,             4.9
A133           , Twitter              ,               72,                     1.9, Positive        ,                 133,           1083,             436, 2024-03-23   , Sports          ,             4.2
A133           , Twitter              ,               72,                     1.9, Positive        ,                 133,           1130,             398, 2024-05-09   , Electronics     ,             1.3
A105           , LinkedIn             ,               50,                     4.9, Neutral         ,                 105,           1074,             282, 2024-03-14   , Books           ,             1.5
A152           , Facebook             ,               95,                     4.1, Positive        ,                 152,           1016,             437, 2024-01-16   , Books           ,             3.6
A152           , Facebook             ,               95,                     4.1, Positive        ,                 152,           1058,             308, 2024-02-27   , Clothing        ,             4.8
A152           , Facebook             ,               95,                     4.1, Positive        ,                 152,           1099,             452, 2024-04-08   , Clothing        ,             4.6
A174           , Facebook             ,               95,                     2.9, Neutral         ,                 174,           1009,             228, 2024-01-09   , Electronics     ,             3.8
A174           , Facebook             ,               95,                     2.9, Neutral         ,                 174,           1010,             112, 2024-01-10   , Sports          ,             2.6
A122           , Instagram            ,               85,                     1.7, Neutral         ,                 122,           1133,             301, 2024-05-12   , Groceries       ,             1.3
A154           , TikTok               ,               72,                     2.9, Positive        ,                 154,           1043,             335, 2024-02-12   , Electronics     ,              
A179           , Twitter              ,               50,                     3.0, Negative        ,                 179,           1036,             490, 2024-02-05   , Clothing        ,             1.7
A179           , Twitter              ,               50,                     3.0, Negative        ,                 179,           1097,             274, 2024-04-06   , Groceries       ,             4.3
A194           , LinkedIn             ,               89,                     4.0, Negative        ,                 194,           1088,             130, 2024-03-28   , Electronics     ,             2.4
A174           , TikTok               ,               64,                     3.8, Positive        ,                 174,           1009,             228, 2024-01-09   , Electronics     ,             3.8
A174           , TikTok               ,               64,                     3.8, Positive        ,                 174,           1010,             112, 2024-01-10   , Sports          ,             2.6
A107           , Twitter              ,               96,                     1.9, Neutral         ,                 107,           1065,             274, 2024-03-05   , Books           ,             1.1
A107           , Twitter              ,               96,                     1.9, Neutral         ,                 107,           1114,             450, 2024-04-23   , Electronics     ,             4.2
A107           , Twitter              ,               96,                     1.9, Neutral         ,                 107,           1119,             421, 2024-04-28   , Sports          ,             3.2
A103           , Facebook             ,               58,                     3.6, Positive        ,                 103,           1052,             426, 2024-02-21   , Groceries       ,             4.8
A103           , Facebook             ,               58,                     3.6, Positive        ,                 103,           1072,             209, 2024-03-12   , Sports          ,             4.3
A103           , Facebook             ,               58,                     3.6, Positive        ,                 103,           1076,             162, 2024-03-16   , Sports          ,             3.5
A103           , Instagram            ,               58,                     2.7, Negative        ,                 103,           1052,             426, 2024-02-21   , Groceries       ,             4.8
A103           , Instagram            ,               58,                     2.7, Negative        ,                 103,           1072,             209, 2024-03-12   , Sports          ,             4.3
A103           , Instagram            ,               58,                     2.7, Negative        ,                 103,           1076,             162, 2024-03-16   , Sports          ,             3.5
A192           , Instagram            ,               60,                     4.3, Positive        ,                 192,           1002,             332, 2024-01-02   , Electronics     ,             4.2
A192           , Instagram            ,               60,                     4.3, Positive        ,                 192,           1078,             491, 2024-03-18   , Books           ,             3.9
A149           , Facebook             ,               51,                     1.3, Positive        ,                 149,           1071,             423, 2024-03-11   , Sports          ,             1.1
A160           , TikTok               ,               56,                     2.6, Positive        ,                 160,           1005,              64, 2024-01-05   , Clothing        ,             1.3
A150           , Facebook             ,               67,                     3.0, Neutral         ,                 150,           1042,             389, 2024-02-11   , Sports          ,              
A150           , Facebook             ,               67,                     3.0, Neutral         ,                 150,           1046,             177, 2024-02-15   , Books           ,             3.6
A120           , Facebook             ,               83,                     1.4, Positive        ,                 120,           1006,             395, 2024-01-06   , Groceries       ,             1.1
A120           , Facebook             ,               83,                     1.4, Positive        ,                 120,           1024,              85, 2024-01-24   , Sports          ,             2.4
A120           , Facebook             ,               83,                     1.4, Positive        ,                 120,           1048,             280, 2024-02-17   , Groceries       ,             1.3
A104           , Twitter              ,               76,                     1.6, Negative        ,                 104,           1123,             289, 2024-05-02   , Clothing        ,             1.5
A104           , Twitter              ,               76,                     1.6, Negative        ,                 104,           1148,             409, 2024-05-27   , Clothing        ,             1.4
A181           , Twitter              ,               66,                     2.1, Positive        ,                 181,           1098,             434, 2024-04-07   , Clothing        ,              
A191           , Facebook             ,               92,                     2.1, Positive        ,                 191,           1034,              94, 2024-02-03   , Electronics     ,             3.0
A191           , Facebook             ,               92,                     2.1, Positive        ,                 191,           1061,             460, 2024-03-01   , Sports          ,             4.6
A141           , TikTok               ,               93,                     3.9, Negative        ,                 141,           1033,             219, 2024-02-02   , Groceries       ,             1.4
A160           , LinkedIn             ,               73,                     2.0, Neutral         ,                 160,           1005,              64, 2024-01-05   , Clothing        ,             1.3
A121           , LinkedIn             ,               74,                     3.5, Positive        ,                 121,           1015,             145, 2024-01-15   , Sports          ,             3.9
A121           , LinkedIn             ,               74,                     3.5, Positive        ,                 121,           1028,             236, 2024-01-28   , Electronics     ,             1.2
A120           , Instagram            ,               56,                     3.0, Positive        ,                 120,           1006,             395, 2024-01-06   , Groceries       ,             1.1
A120           , Instagram            ,               56,                     3.0, Positive        ,                 120,           1024,              85, 2024-01-24   , Sports          ,             2.4
A120           , Instagram            ,               56,                     3.0, Positive        ,                 120,           1048,             280, 2024-02-17   , Groceries       ,             1.3
A100           , Twitter              ,               73,                     4.4, Negative        ,                 100,           1113,             172, 2024-04-22   , Clothing        ,             4.0
A100           , Twitter              ,               73,                     4.4, Negative        ,                 100,           1147,             387, 2024-05-26   , Books           ,             4.6
A104           , Facebook             ,               82,                     2.6, Neutral         ,                 104,           1123,             289, 2024-05-02   , Clothing        ,             1.5
A104           , Facebook             ,               82,                     2.6, Neutral         ,                 104,           1148,             409, 2024-05-27   , Clothing        ,             1.4
A111           , Instagram            ,               98,                     4.1, Negative        ,                 111,           1129,             375, 2024-05-08   , Clothing        ,             3.8
A189           , LinkedIn             ,               78,                     2.7, Negative        ,                 189,           1057,             282, 2024-02-26   , Groceries       ,             3.2
A189           , LinkedIn             ,               78,                     2.7, Negative        ,                 189,           1081,             344, 2024-03-21   , Books           ,              
A189           , LinkedIn             ,               78,                     2.7, Negative        ,                 189,           1149,             178, 2024-05-28   , Sports          ,             3.0
A133           , Twitter              ,               71,                     4.8, Negative        ,                 133,           1083,             436, 2024-03-23   , Sports          ,             4.2
A133           , Twitter              ,               71,                     4.8, Negative        ,                 133,           1130,             398, 2024-05-09   , Electronics     ,             1.3
A148           , Facebook             ,               75,                     1.7, Neutral         ,                 148,           1030,             135, 2024-01-30   , Sports          ,             4.4
A177           , LinkedIn             ,               77,                     1.4, Positive        ,                 177,           1068,             221, 2024-03-08   , Groceries       ,             1.3
A177           , LinkedIn             ,               77,                     1.4, Positive        ,                 177,           1092,             179, 2024-04-01   , Clothing        ,             4.0
A177           , LinkedIn             ,               77,                     1.4, Positive        ,                 177,           1145,             177, 2024-05-24   , Groceries       ,             3.2
A189           , TikTok               ,               99,                     4.1, Neutral         ,                 189,           1057,             282, 2024-02-26   , Groceries       ,             3.2
A189           , TikTok               ,               99,                     4.1, Neutral         ,                 189,           1081,             344, 2024-03-21   , Books           ,              
A189           , TikTok               ,               99,                     4.1, Neutral         ,                 189,           1149,             178, 2024-05-28   , Sports          ,             3.0
A144           , Twitter              ,               70,                     1.3, Positive        ,                 144,           1107,             465, 2024-04-16   , Clothing        ,             3.3
A172           , TikTok               ,               56,                     2.7, Negative        ,                 172,           1049,             239, 2024-02-18   , Electronics     ,             3.6
A172           , TikTok               ,               56,                     2.7, Negative        ,                 172,           1127,             173, 2024-05-06   , Books           ,             1.4
A125           , LinkedIn             ,               66,                     4.7, Positive        ,                 125,           1101,             179, 2024-04-10   , Electronics     ,              
A146           , Twitter              ,               69,                     3.9, Negative        ,                 146,           1040,             157, 2024-02-09   , Books           ,             3.5
A146           , Twitter              ,               69,                     3.9, Negative        ,                 146,           1066,             356, 2024-03-06   , Groceries       ,             1.4
A146           , Twitter              ,               69,                     3.9, Negative        ,                 146,           1144,             473, 2024-05-23   , Sports          ,             4.1
A185           , TikTok               ,               90,                     3.4, Neutral         ,                 185,           1139,             197, 2024-05-18   , Sports          ,             4.8
A162           , Twitter              ,               71,                     4.8, Positive        ,                 162,           1079,             101, 2024-03-19   , Books           ,             4.2
A162           , Twitter              ,               71,                     4.8, Positive        ,                 162,           1116,             343, 2024-04-25   , Books           ,             1.4
A147           , Twitter              ,               77,                     1.5, Neutral         ,                 147,           1089,             236, 2024-03-29   , Groceries       ,              
A147           , Twitter              ,               77,                     1.5, Neutral         ,                 147,           1132,             197, 2024-05-11   , Clothing        ,             3.8
A160           , Instagram            ,               89,                     2.9, Neutral         ,                 160,           1005,              64, 2024-01-05   , Clothing        ,             1.3
A180           , LinkedIn             ,               98,                     2.1, Negative        ,                 180,           1069,             201, 2024-03-09   , Electronics     ,             2.3
A180           , LinkedIn             ,               98,                     2.1, Negative        ,                 180,           1118,             374, 2024-04-27   , Electronics     ,             1.2
A125           , Facebook             ,               56,                     3.2, Neutral         ,                 125,           1101,             179, 2024-04-10   , Electronics     ,              
A135           , TikTok               ,               50,                     1.6, Positive        ,                 135,           1070,             364, 2024-03-10   , Electronics     ,              
A100           , Instagram            ,               81,                     4.4, Neutral         ,                 100,           1113,             172, 2024-04-22   , Clothing        ,             4.0
A100           , Instagram            ,               81,                     4.4, Neutral         ,                 100,           1147,             387, 2024-05-26   , Books           ,             4.6
A107           , Facebook             ,               62,                     4.4, Positive        ,                 107,           1065,             274, 2024-03-05   , Books           ,             1.1
A107           , Facebook             ,               62,                     4.4, Positive        ,                 107,           1114,             450, 2024-04-23   , Electronics     ,             4.2
A107           , Facebook             ,               62,                     4.4, Positive        ,                 107,           1119,             421, 2024-04-28   , Sports          ,             3.2
A198           , Instagram            ,               79,                     4.8, Positive        ,                 198,           1137,             395, 2024-05-16   , Books           ,             2.5
A198           , Instagram            ,               79,                     4.8, Positive        ,                 198,           1143,             466, 2024-05-22   , Books           ,              
A151           , Twitter              ,               72,                     1.6, Neutral         ,                 151,           1001,             408, 2024-01-01   , Sports          ,             2.3
A146           , Facebook             ,               81,                     2.9, Neutral         ,                 146,           1040,             157, 2024-02-09   , Books           ,             3.5
A146           , Facebook             ,               81,                     2.9, Neutral         ,                 146,           1066,             356, 2024-03-06   , Groceries       ,             1.4
A146           , Facebook             ,               81,                     2.9, Neutral         ,                 146,           1144,             473, 2024-05-23   , Sports          ,             4.1
A185           , Facebook             ,               78,                     2.4, Positive        ,                 185,           1139,             197, 2024-05-18   , Sports          ,             4.8
A113           , Facebook             ,               98,                     2.7, Neutral         ,                 113,           1055,             170, 2024-02-24   , Groceries       ,             3.6
A113           , Facebook             ,               98,                     2.7, Neutral         ,                 113,           1087,             489, 2024-03-27   , Books           ,             4.1
A113           , Facebook             ,               98,                     2.7, Neutral         ,                 113,           1150,             316, 2024-05-29   , Clothing        ,             1.0
A189           , Facebook             ,               94,                     3.8, Negative        ,                 189,           1057,             282, 2024-02-26   , Groceries       ,             3.2
A189           , Facebook             ,               94,                     3.8, Negative        ,                 189,           1081,             344, 2024-03-21   , Books           ,              
A189           , Facebook             ,               94,                     3.8, Negative        ,                 189,           1149,             178, 2024-05-28   , Sports          ,             3.0
A127           , Instagram            ,               78,                     3.4, Negative        ,                 127,           1125,             146, 2024-05-04   , Electronics     ,             4.0
A186           , TikTok               ,               79,                     2.8, Positive        ,                 186,           1008,             429, 2024-01-08   , Clothing        ,             4.3
A186           , TikTok               ,               79,                     2.8, Positive        ,                 186,           1093,             269, 2024-04-02   , Clothing        ,             4.0
A177           , Twitter              ,               65,                     1.3, Positive        ,                 177,           1068,             221, 2024-03-08   , Groceries       ,             1.3
A177           , Twitter              ,               65,                     1.3, Positive        ,                 177,           1092,             179, 2024-04-01   , Clothing        ,             4.0
A177           , Twitter              ,               65,                     1.3, Positive        ,                 177,           1145,             177, 2024-05-24   , Groceries       ,             3.2
A187           , Twitter              ,               89,                     1.3, Negative        ,                 187,           1011,             401, 2024-01-11   , Sports          ,             1.7
A187           , Twitter              ,               89,                     1.3, Negative        ,                 187,           1018,             456, 2024-01-18   , Groceries       ,             4.8
A187           , Twitter              ,               89,                     1.3, Negative        ,                 187,           1112,             233, 2024-04-21   , Sports          ,             3.7
A187           , Twitter              ,               89,                     1.3, Negative        ,                 187,           1115,             304, 2024-04-24   , Sports          ,             4.2
A187           , Twitter              ,               89,                     1.3, Negative        ,                 187,           1135,             469, 2024-05-14   , Books           ,             4.9
A101           , Twitter              ,               68,                     1.0, Neutral         ,                 101,           1017,             271, 2024-01-17   , Books           ,             2.1
A101           , Twitter              ,               68,                     1.0, Neutral         ,                 101,           1021,             192, 2024-01-21   , Groceries       ,             3.4
A101           , Twitter              ,               68,                     1.0, Neutral         ,                 101,           1059,             408, 2024-02-28   , Books           ,             2.5
A101           , Twitter              ,               68,                     1.0, Neutral         ,                 101,           1073,             145, 2024-03-13   , Books           ,             2.1
A125           , Twitter              ,               67,                     4.9, Positive        ,                 125,           1101,             179, 2024-04-10   , Electronics     ,              
A113           , Instagram            ,               50,                     1.0, Positive        ,                 113,           1055,             170, 2024-02-24   , Groceries       ,             3.6
A113           , Instagram            ,               50,                     1.0, Positive        ,                 113,           1087,             489, 2024-03-27   , Books           ,             4.1
A113           , Instagram            ,               50,                     1.0, Positive        ,                 113,           1150,             316, 2024-05-29   , Clothing        ,             1.0
A158           , LinkedIn             ,               63,                     1.4, Negative        ,                 158,           1032,             115, 2024-02-01   , Electronics     ,             2.9
A106           , Facebook             ,               99,                     4.2, Negative        ,                 106,           1047,             397, 2024-02-16   , Sports          ,             1.7
A106           , Facebook             ,               99,                     4.2, Negative        ,                 106,           1126,             250, 2024-05-05   , Clothing        ,             3.5
A102           , LinkedIn             ,               51,                     4.8, Neutral         ,                 102,           1014,             101, 2024-01-14   , Electronics     ,             3.2
A102           , LinkedIn             ,               51,                     4.8, Neutral         ,                 102,           1045,             380, 2024-02-14   , Electronics     ,             4.4
A102           , LinkedIn             ,               51,                     4.8, Neutral         ,                 102,           1146,              88, 2024-05-25   , Sports          ,             2.7
A122           , Twitter              ,               77,                     4.2, Neutral         ,                 122,           1133,             301, 2024-05-12   , Groceries       ,             1.3
A117           , LinkedIn             ,               98,                     3.8, Neutral         ,                 117,           1051,             434, 2024-02-20   , Sports          ,             3.3
A117           , LinkedIn             ,               98,                     3.8, Neutral         ,                 117,           1080,             317, 2024-03-20   , Electronics     ,             2.1
A137           , TikTok               ,               99,                     3.1, Positive        ,                 137,           1020,             286, 2024-01-20   , Electronics     ,             3.2
A198           , Facebook             ,               79,                     1.3, Negative        ,                 198,           1137,             395, 2024-05-16   , Books           ,             2.5
A198           , Facebook             ,               79,                     1.3, Negative        ,                 198,           1143,             466, 2024-05-22   , Books           ,              
A114           , Facebook             ,               87,                     4.8, Negative        ,                 114,           1003,             442, 2024-01-03   , Electronics     ,             2.1
A114           , Facebook             ,               87,                     4.8, Negative        ,                 114,           1037,             183, 2024-02-06   , Clothing        ,             2.7
A114           , Facebook             ,               87,                     4.8, Negative        ,                 114,           1090,             162, 2024-03-30   , Clothing        ,             4.4
A114           , Facebook             ,               87,                     4.8, Negative        ,                 114,           1106,             247, 2024-04-15   , Clothing        ,             4.8
A163           , TikTok               ,               53,                     4.0, Neutral         ,                 163,           1022,             220, 2024-01-22   , Groceries       ,             2.7
A163           , TikTok               ,               53,                     4.0, Neutral         ,                 163,           1044,             495, 2024-02-13   , Sports          ,             3.0
A188           , TikTok               ,               50,                     3.6, Positive        ,                 188,           1029,             292, 2024-01-29   , Sports          ,             1.2
A188           , TikTok               ,               50,                     3.6, Positive        ,                 188,           1053,             332, 2024-02-22   , Groceries       ,             3.3
A188           , TikTok               ,               50,                     3.6, Positive        ,                 188,           1102,             102, 2024-04-11   , Electronics     ,             4.6
A188           , TikTok               ,               50,                     3.6, Positive        ,                 188,           1109,             373, 2024-04-18   , Clothing        ,             2.8
A127           , Twitter              ,               57,                     4.0, Positive        ,                 127,           1125,             146, 2024-05-04   , Electronics     ,             4.0
A173           , Facebook             ,               78,                     3.9, Negative        ,                 173,           1084,             162, 2024-03-24   , Electronics     ,             5.0
A138           , LinkedIn             ,               88,                     3.5, Positive        ,                 138,           1050,             274, 2024-02-19   , Electronics     ,             1.1
A185           , TikTok               ,               59,                     3.6, Positive        ,                 185,           1139,             197, 2024-05-18   , Sports          ,             4.8
A189           , Twitter              ,               59,                     3.8, Neutral         ,                 189,           1057,             282, 2024-02-26   , Groceries       ,             3.2
A189           , Twitter              ,               59,                     3.8, Neutral         ,                 189,           1081,             344, 2024-03-21   , Books           ,              
A189           , Twitter              ,               59,                     3.8, Neutral         ,                 189,           1149,             178, 2024-05-28   , Sports          ,             3.0
A143           , Instagram            ,               68,                     1.2, Negative        ,                 143,           1064,             214, 2024-03-04   , Sports          ,             1.4
A143           , Instagram            ,               68,                     1.2, Negative        ,                 143,           1082,             435, 2024-03-22   , Groceries       ,             4.0
A143           , Instagram            ,               68,                     1.2, Negative        ,                 143,           1138,             196, 2024-05-17   , Sports          ,             4.3
A183           , TikTok               ,               72,                     5.0, Positive        ,                 183,           1060,             247, 2024-02-29   , Electronics     ,             4.8
A117           , LinkedIn             ,               78,                     3.9, Neutral         ,                 117,           1051,             434, 2024-02-20   , Sports          ,             3.3
A117           , LinkedIn             ,               78,                     3.9, Neutral         ,                 117,           1080,             317, 2024-03-20   , Electronics     ,             2.1
A199           , LinkedIn             ,               57,                     1.8, Positive        ,                 199,           1012,             280, 2024-01-12   , Electronics     ,             1.6
A199           , LinkedIn             ,               57,                     1.8, Positive        ,                 199,           1086,             162, 2024-03-26   , Books           ,             2.5
A185           , TikTok               ,               50,                     1.5, Negative        ,                 185,           1139,             197, 2024-05-18   , Sports          ,             4.8
A133           , Instagram            ,               52,                     2.7, Positive        ,                 133,           1083,             436, 2024-03-23   , Sports          ,             4.2
A133           , Instagram            ,               52,                     2.7, Positive        ,                 133,           1130,             398, 2024-05-09   , Electronics     ,             1.3
A107           , Twitter              ,               73,                     4.2, Positive        ,                 107,           1065,             274, 2024-03-05   , Books           ,             1.1
A107           , Twitter              ,               73,                     4.2, Positive        ,                 107,           1114,             450, 2024-04-23   , Electronics     ,             4.2
A107           , Twitter              ,               73,                     4.2, Positive        ,                 107,           1119,             421, 2024-04-28   , Sports          ,             3.2
A139           , Twitter              ,               72,                     4.0, Negative        ,                 139,           1095,             392, 2024-04-04   , Clothing        ,             4.6
A182           , Twitter              ,               57,                     1.2, Negative        ,                 182,           1007,              91, 2024-01-07   , Sports          ,             4.9
A141           , LinkedIn             ,               96,                     2.8, Neutral         ,                 141,           1033,             219, 2024-02-02   , Groceries       ,             1.4
A140           , LinkedIn             ,               86,                     3.1, Negative        ,                 140,           1104,             267, 2024-04-13   , Groceries       ,             2.3
A140           , LinkedIn             ,               86,                     3.1, Negative        ,                 140,           1124,             193, 2024-05-03   , Groceries       ,             1.6
A105           , Instagram            ,               52,                     3.6, Neutral         ,                 105,           1074,             282, 2024-03-14   , Books           ,             1.5
A151           , Twitter              ,               82,                     3.6, Negative        ,                 151,           1001,             408, 2024-01-01   , Sports          ,             2.3
A125           , Twitter              ,               77,                     2.5, Positive        ,                 125,           1101,             179, 2024-04-10   , Electronics     ,              
A163           , TikTok               ,               96,                     3.2, Neutral         ,                 163,           1022,             220, 2024-01-22   , Groceries       ,             2.7
A163           , TikTok               ,               96,                     3.2, Neutral         ,                 163,           1044,             495, 2024-02-13   , Sports          ,             3.0
A158           , Twitter              ,               83,                     4.5, Neutral         ,                 158,           1032,             115, 2024-02-01   , Electronics     ,             2.9
A158           , Instagram            ,               81,                     2.8, Positive        ,                 158,           1032,             115, 2024-02-01   , Electronics     ,             2.9
A132           , LinkedIn             ,               63,                     3.3, Positive        ,                 132,           1025,              62, 2024-01-25   , Electronics     ,             4.0
A132           , LinkedIn             ,               63,                     3.3, Positive        ,                 132,           1122,             444, 2024-05-01   , Clothing        ,             2.4
A132           , LinkedIn             ,               63,                     3.3, Positive        ,                 132,           1131,             308, 2024-05-10   , Sports          ,             4.3
A152           , Instagram            ,               81,                     4.2, Positive        ,                 152,           1016,             437, 2024-01-16   , Books           ,             3.6
A152           , Instagram            ,               81,                     4.2, Positive        ,                 152,           1058,             308, 2024-02-27   , Clothing        ,             4.8
A152           , Instagram            ,               81,                     4.2, Positive        ,                 152,           1099,             452, 2024-04-08   , Clothing        ,             4.6
A121           , TikTok               ,               95,                     3.2, Neutral         ,                 121,           1015,             145, 2024-01-15   , Sports          ,             3.9
A121           , TikTok               ,               95,                     3.2, Neutral         ,                 121,           1028,             236, 2024-01-28   , Electronics     ,             1.2
A120           , Instagram            ,               92,                     3.6, Positive        ,                 120,           1006,             395, 2024-01-06   , Groceries       ,             1.1
A120           , Instagram            ,               92,                     3.6, Positive        ,                 120,           1024,              85, 2024-01-24   , Sports          ,             2.4
A120           , Instagram            ,               92,                     3.6, Positive        ,                 120,           1048,             280, 2024-02-17   , Groceries       ,             1.3
